{"FileInfo": {"Name": "04619.tiff", "Height": 36864, "Width": 37888}, "ROI": [{"roiID": 3, "x": 10172.0, "y": 29297.0, "w": 7324.0, "h": 4444.0, "Tx": 0.26849093206485314, "Ty": 0.7732551985130681, "Tw": 0.11730480480480487, "Th": 0.1933242515434297}], "CellRect": [{"ID": "637627276710589974", "Label": 4, "RoiID": 3, "x": 13357.0, "y": 30622.0, "w": 220.0, "h": 257.0, "Tx": 0.35254495447504, "Ty": 0.8082365048984841, "Tw": 0.006798487106706275, "Th": 0.005809616254821737}, {"ID": "637627276752230989", "Label": 4, "RoiID": 3, "x": 11048.0, "y": 31376.0, "w": 159.0, "h": 154.0, "Tx": 0.29160578822765454, "Ty": 0.8281375307926607, "Tw": 0.004079092264023698, "Th": 0.0042027011205093}, {"ID": "637627276811400400", "Label": 4, "RoiID": 3, "x": 11349.0, "y": 29937.0, "w": 139.0, "h": 143.0, "Tx": 0.2995423542629909, "Ty": 0.7901575935859207, "Tw": 0.003776937281503412, "Th": 0.003691097797832943}, {"ID": "637627276957201583", "Label": 4, "RoiID": 3, "x": 15708.0, "y": 30487.0, "w": 183.0, "h": 253.0, "Tx": 0.41459381890507285, "Ty": 0.8046646789221509, "Tw": 0.006695479726301579, "Th": 0.004841346879018105}]}