{"FileInfo": {"Name": "04891.tiff", "Height": 38912, "Width": 37888}, "ROI": [{"roiID": 1, "x": 13120.0, "y": 12073.0, "w": 4162.0, "h": 2525.0, "Tx": 0.34630227451241336, "Ty": 0.3186643781896361, "Tw": 0.06665967345181711, "Th": 0.10985851346537612}], "CellRect": [{"ID": "637627279762615139", "Label": 3, "RoiID": 1, "x": 14914.0, "y": 12525.0, "w": 505.0, "h": 306.0, "Tx": 0.39364539348662275, "Ty": 0.33060552095761175, "Tw": 0.008077831872454144, "Th": 0.01334598309361984}]}